transactie_id,datum,tijd,klant_id,postcode,gender,leeftijd,email,categorie,aantal_items,bedrag_excl_korting,korting,bedrag_totaal,betaalmethode,medewerker_id
TX000000,2026-01-23,14:38:00,K00122,5042,V,28.0,klant0@example.com,Accessoires,4,133.43,0,85.72,Pin,MW002
TX000001,2026-01-24,15:01:00,K00192,5014,M,50.0,klant1@example.com,Heren,2,51.77,0,55.77,Pin,MW003
TX000002,2026-01-13,12:43:00,,,,,,Accessoires,4,198.1,0,61.61,Pin,MW003
TX000003,2025-12-23,18:13:00,K00242,4001,V,43.0,klant3@example.com,Dames,2,221.06,0,160.04,Pin,MW004
TX000004,2025-12-10,10:35:00,,,,,,Heren,4,238.84,0,156.29,Creditcard,MW002
TX000005,2025-12-06,11:25:00,,,,,,Heren,2,273.71,0,199.47,Creditcard,MW003
TX000006,2026-02-12,17:20:00,K00208,5038,M,64.0,klant6@example.com,Dames,4,139.19,0,120.23,Creditcard,MW001
TX000007,2026-01-12,10:24:00,,,,,,Accessoires,1,243.06,0,99.68,Creditcard,MW003
TX000008,2025-12-13,17:34:00,,,,,,Accessoires,1,201.49,0,281.58,Creditcard,MW001
TX000009,2025-12-30,11:32:00,K00048,5042,V,41.0,klant9@example.com,Dames,3,197.82,0,118.68,Pin,MW001
TX000010,2026-01-18,16:13:00,K00359,5014,V,32.0,klant10@example.com,Accessoires,2,56.35,0,76.97,Pin,MW004
TX000011,2026-01-23,14:22:00,K00231,5042,V,60.0,klant11@example.com,Dames,4,285.71,0,199.72,Pin,MW002
TX000012,2025-12-30,18:52:00,K00134,5014,V,61.0,klant12@example.com,Heren,2,184.84,0,251.86,Creditcard,MW001
TX000013,2026-02-02,18:26:00,,,,,,Heren,1,254.5,0,265.18,Pin,MW002
TX000014,2026-02-12,10:50:00,K00234,5038,V,32.0,klant14@example.com,Accessoires,2,104.69,0,189.53,Creditcard,MW001
TX000015,2026-02-02,16:01:00,K00387,5025,V,34.0,klant15@example.com,Accessoires,1,294.15,0,152.76,Pin,MW001
TX000016,2025-12-03,11:52:00,,,,,,Heren,4,188.22,0,198.17,Pin,MW003
TX000017,2026-01-27,15:23:00,,,,,,Dames,4,295.86,0,149.71,Pin,MW004
TX000018,2025-12-18,15:15:00,K00349,4001,M,53.0,klant18@example.com,Accessoires,2,178.02,0,106.62,Creditcard,MW003
TX000019,2026-01-23,16:17:00,K00360,4001,V,45.0,klant19@example.com,Dames,1,102.27,0,185.36,Creditcard,MW003
TX000020,2025-12-09,18:51:00,K00060,5014,V,18.0,klant20@example.com,Heren,4,189.57,0,270.66,Pin,MW001
TX000021,2025-12-21,17:53:00,K00120,5014,M,28.0,klant21@example.com,Dames,4,246.34,0,217.25,Creditcard,MW003
TX000022,2026-03-01,11:01:00,K00310,4001,V,58.0,klant22@example.com,Dames,4,109.31,0,131.35,Creditcard,MW004
TX000023,2025-12-10,10:47:00,K00460,5042,V,39.0,klant23@example.com,Accessoires,2,111.0,0,293.25,Pin,MW003
TX000024,2026-01-25,14:29:00,K00097,5038,V,50.0,klant24@example.com,Dames,4,230.61,0,120.19,Pin,MW004
TX000025,2026-01-20,14:05:00,,,,,,Accessoires,4,53.86,0,282.08,Pin,MW002
TX000026,2026-01-24,13:20:00,K00416,5025,M,20.0,klant26@example.com,Heren,1,148.67,0,261.05,Pin,MW004
TX000027,2026-01-17,15:22:00,,,,,,Heren,3,179.58,0,269.34,Pin,MW004
TX000028,2026-01-04,15:47:00,,,,,,Accessoires,1,124.13,0,154.95,Creditcard,MW001
TX000029,2025-12-26,18:35:00,K00173,5038,V,25.0,klant29@example.com,Heren,4,62.69,0,271.65,Pin,MW004
TX000030,2026-02-06,15:50:00,,,,,,Dames,2,185.66,0,121.64,Creditcard,MW002
TX000031,2026-02-26,15:14:00,,,,,,Heren,3,81.77,0,180.56,Pin,MW004
TX000032,2025-12-07,13:29:00,K00047,5014,M,57.0,klant32@example.com,Dames,2,179.08,0,130.74,Pin,MW004
TX000033,2026-02-03,16:25:00,,,,,,Dames,2,290.66,0,259.0,Pin,MW004
TX000034,2025-12-03,10:46:00,,,,,,Heren,4,187.31,0,228.65,Creditcard,MW001
TX000035,2025-12-03,14:21:00,K00349,5042,V,29.0,klant35@example.com,Heren,4,89.66,0,80.04,Pin,MW002
TX000036,2026-02-09,13:04:00,,,,,,Heren,2,172.9,0,168.37,Pin,MW002
TX000037,2025-12-25,15:04:00,,,,,,Heren,4,143.65,0,206.46,Creditcard,MW004
TX000038,2025-12-03,17:15:00,K00247,5042,M,45.0,klant38@example.com,Accessoires,4,193.87,0,147.04,Creditcard,MW001
TX000039,2026-01-04,12:00:00,K00417,5014,M,60.0,klant39@example.com,Dames,1,103.65,0,144.31,Pin,MW003
TX000040,2026-01-06,17:28:00,,,,,,Heren,2,55.82,0,253.62,Pin,MW003
TX000041,2026-02-08,17:35:00,K00217,4001,M,53.0,klant41@example.com,Heren,1,237.65,0,251.71,Pin,MW003
TX000042,2026-01-07,16:31:00,,,,,,Accessoires,2,190.47,0,109.65,Pin,MW001
TX000043,2025-12-25,10:48:00,K00062,4001,V,42.0,klant43@example.com,Heren,1,273.88,0,147.3,Creditcard,MW001
TX000044,2025-12-21,16:27:00,,,,,,Heren,3,287.65,0,193.36,Pin,MW004
TX000045,2026-02-09,18:51:00,,,,,,Accessoires,1,238.09,0,247.89,Pin,MW003
TX000046,2026-01-24,14:34:00,K00215,4001,V,28.0,klant46@example.com,Heren,3,85.75,0,240.38,Creditcard,MW001
TX000047,2025-12-09,17:41:00,,,,,,Dames,2,272.97,0,86.65,Pin,MW001
TX000048,2026-01-09,10:21:00,K00145,4001,M,42.0,klant48@example.com,Dames,4,137.55,0,227.05,Pin,MW001
TX000049,2026-01-25,12:38:00,K00126,4001,V,30.0,klant49@example.com,Heren,4,192.87,0,235.24,Creditcard,MW001
TX000050,2026-01-10,18:48:00,K00409,5038,M,55.0,klant50@example.com,Dames,2,250.53,0,294.48,Pin,MW001
TX000051,2026-01-18,14:35:00,K00227,5038,M,35.0,klant51@example.com,Accessoires,1,104.2,0,123.62,Pin,MW001
TX000052,2026-01-25,18:10:00,K00012,5025,M,33.0,klant52@example.com,Heren,4,76.69,0,133.92,Creditcard,MW004
TX000053,2026-01-07,11:27:00,K00220,4001,V,53.0,klant53@example.com,Accessoires,2,58.08,0,119.94,Pin,MW004
TX000054,2026-02-17,12:05:00,K00082,4001,V,22.0,klant54@example.com,Accessoires,1,154.56,0,283.18,Creditcard,MW003
TX000055,2025-12-07,10:53:00,,,,,,Dames,2,296.82,0,87.6,Pin,MW002
TX000056,2026-02-03,10:12:00,,,,,,Dames,2,59.21,0,83.46,Pin,MW004
TX000057,2026-01-26,14:37:00,K00259,5014,V,54.0,klant57@example.com,Dames,1,239.27,0,144.46,Pin,MW002
TX000058,2026-02-13,12:44:00,,,,,,Dames,4,107.16,0,217.93,Creditcard,MW002
TX000059,2026-02-12,11:53:00,,,,,,Heren,3,180.04,0,263.05,Creditcard,MW004
TX000060,2025-12-07,18:16:00,,,,,,Accessoires,3,155.13,0,246.17,Creditcard,MW002
TX000061,2026-02-15,15:33:00,,,,,,Heren,2,197.48,0,148.06,Pin,MW003
TX000062,2026-02-03,10:23:00,K00335,5038,V,59.0,klant62@example.com,Accessoires,1,287.38,0,86.77,Creditcard,MW001
TX000063,2026-02-14,14:33:00,K00262,4001,V,30.0,klant63@example.com,Heren,3,194.91,0,135.39,Pin,MW001
TX000064,2025-12-25,15:15:00,,,,,,Dames,3,268.58,0,178.81,Creditcard,MW002
TX000065,2026-02-01,12:20:00,,,,,,Dames,2,119.65,0,94.25,Pin,MW002
TX000066,2025-12-03,11:48:00,K00078,4001,V,44.0,klant66@example.com,Dames,2,249.85,0,206.98,Pin,MW004
TX000067,2026-02-03,10:25:00,,,,,,Dames,4,237.06,0,96.13,Pin,MW003
TX000068,2026-01-27,16:13:00,K00216,5042,M,43.0,klant68@example.com,Heren,3,113.11,0,228.34,Pin,MW003
TX000069,2025-12-20,12:50:00,,,,,,Accessoires,4,117.31,0,144.32,Creditcard,MW003
TX000070,2026-01-28,18:16:00,K00013,4001,V,21.0,klant70@example.com,Heren,3,212.21,0,169.9,Creditcard,MW003
TX000071,2026-02-26,10:43:00,K00083,5042,V,54.0,klant71@example.com,Heren,4,211.48,0,192.69,Creditcard,MW003
TX000072,2026-02-10,15:20:00,K00198,4001,V,21.0,klant72@example.com,Heren,3,71.97,0,251.47,Creditcard,MW003
TX000073,2025-12-11,12:30:00,,,,,,Dames,4,299.31,0,274.15,Creditcard,MW004
TX000074,2026-02-15,10:29:00,K00486,5014,M,19.0,klant74@example.com,Accessoires,3,192.9,0,119.99,Creditcard,MW001
TX000075,2026-02-10,13:32:00,K00020,5042,V,64.0,klant75@example.com,Dames,2,241.94,0,71.82,Creditcard,MW003
TX000076,2026-02-17,11:55:00,K00010,4001,V,27.0,klant76@example.com,Heren,1,221.14,0,71.97,Pin,MW001
TX000077,2026-02-13,17:37:00,K00419,5038,V,22.0,klant77@example.com,Heren,4,291.26,0,81.07,Creditcard,MW003
TX000078,2025-12-11,12:34:00,,,,,,Dames,4,230.4,0,62.02,Pin,MW004
TX000079,2025-12-13,12:20:00,K00165,4001,M,31.0,klant79@example.com,Heren,2,139.71,0,269.3,Pin,MW002
TX000080,2026-01-11,12:37:00,K00353,5042,M,32.0,klant80@example.com,Dames,1,138.84,0,147.87,Creditcard,MW002
TX000081,2026-01-24,12:05:00,K00134,5042,V,25.0,klant81@example.com,Heren,4,91.68,0,269.66,Pin,MW004
TX000082,2025-12-29,10:36:00,K00411,4001,M,21.0,klant82@example.com,Heren,2,240.61,0,269.19,Pin,MW002
TX000083,2026-01-09,17:51:00,K00184,4001,V,25.0,klant83@example.com,Dames,1,107.31,0,230.56,Creditcard,MW003
TX000084,2026-01-07,14:19:00,K00011,4001,M,57.0,klant84@example.com,Heren,2,150.21,0,165.5,Creditcard,MW003
TX000085,2025-12-14,11:24:00,K00481,4001,V,60.0,klant85@example.com,Dames,4,55.76,0,212.84,Pin,MW004
TX000086,2026-01-02,17:40:00,K00214,5038,M,18.0,klant86@example.com,Heren,1,296.21,0,259.72,Creditcard,MW003
TX000087,2026-01-28,15:54:00,,,,,,Accessoires,4,201.97,0,144.83,Pin,MW001
TX000088,2026-02-14,18:34:00,K00063,4001,V,43.0,klant88@example.com,Accessoires,2,136.59,0,136.74,Creditcard,MW003
TX000089,2025-12-19,12:53:00,K00152,4001,V,23.0,klant89@example.com,Dames,4,127.87,0,245.12,Pin,MW002
TX000090,2025-12-28,14:48:00,,,,,,Accessoires,1,290.27,0,87.17,Creditcard,MW002
TX000091,2026-02-03,10:31:00,K00141,5038,V,36.0,klant91@example.com,Heren,4,167.06,0,206.24,Pin,MW002
TX000092,2025-12-18,12:46:00,K00498,4001,V,45.0,klant92@example.com,Dames,2,174.25,0,241.34,Creditcard,MW001
TX000093,2025-12-10,12:45:00,K00162,5025,V,40.0,klant93@example.com,Accessoires,4,259.95,0,266.75,Creditcard,MW001
TX000094,2026-01-28,17:22:00,,,,,,Accessoires,3,54.93,0,76.03,Pin,MW001
TX000095,2026-02-07,17:33:00,K00291,5038,V,31.0,klant95@example.com,Heren,3,290.66,0,286.1,Creditcard,MW001
TX000096,2025-12-16,11:06:00,,,,,,Heren,3,233.98,0,262.03,Creditcard,MW001
TX000097,2025-12-21,11:00:00,K00303,5038,V,28.0,klant97@example.com,Heren,3,144.92,0,197.57,Creditcard,MW004
TX000098,2025-12-07,18:33:00,,,,,,Dames,4,104.88,0,293.64,Creditcard,MW004
TX000099,2026-02-21,16:31:00,K00209,5038,V,34.0,klant99@example.com,Heren,1,185.41,0,208.37,Pin,MW001
TX000100,2025-12-24,11:22:00,K00293,5025,V,35.0,klant100@example.com,Dames,2,194.13,0,118.51,Pin,MW001
TX000101,2025-12-27,14:41:00,K00342,5042,V,48.0,klant101@example.com,Heren,3,199.35,0,200.13,Pin,MW001
TX000102,2026-02-11,14:27:00,K00190,5014,V,19.0,klant102@example.com,Heren,3,96.09,0,72.58,Pin,MW002
TX000103,2025-12-31,17:10:00,,,,,,Dames,3,124.28,0,191.6,Creditcard,MW003
TX000104,2025-12-26,10:57:00,K00036,5042,V,36.0,klant104@example.com,Accessoires,4,62.86,0,174.09,Pin,MW003
TX000105,2026-02-13,18:39:00,K00017,4001,V,60.0,klant105@example.com,Heren,1,111.6,0,254.78,Pin,MW004
TX000106,2026-01-15,12:36:00,K00044,4001,M,34.0,klant106@example.com,Heren,1,161.5,0,96.28,Creditcard,MW004
TX000107,2026-02-28,10:22:00,K00485,5042,M,23.0,klant107@example.com,Dames,2,172.36,0,105.3,Creditcard,MW001
TX000108,2025-12-28,16:16:00,,,,,,Accessoires,2,191.99,0,278.87,Creditcard,MW003
TX000109,2025-12-09,17:49:00,,,,,,Accessoires,3,248.84,0,236.27,Creditcard,MW003
TX000110,2025-12-20,17:34:00,K00108,5042,V,51.0,klant110@example.com,Accessoires,1,182.57,0,160.26,Pin,MW004
TX000111,2026-01-10,10:03:00,,,,,,Dames,2,129.69,0,206.47,Creditcard,MW001
TX000112,2026-01-13,12:41:00,K00034,5038,V,30.0,klant112@example.com,Dames,2,284.77,0,249.7,Pin,MW002
TX000113,2025-12-31,14:43:00,K00185,5038,V,61.0,klant113@example.com,Accessoires,1,242.07,0,154.44,Pin,MW004
TX000114,2025-12-07,17:29:00,K00498,4001,V,54.0,klant114@example.com,Dames,4,54.47,0,296.93,Pin,MW003
TX000115,2026-01-20,13:11:00,,,,,,Accessoires,2,249.5,0,114.75,Creditcard,MW002
TX000116,2026-01-10,11:24:00,K00199,5025,M,25.0,klant116@example.com,Dames,3,107.64,0,257.66,Creditcard,MW002
TX000117,2026-01-28,10:57:00,,,,,,Accessoires,4,137.53,0,64.46,Pin,MW003
TX000118,2026-01-20,10:58:00,K00490,5038,V,35.0,klant118@example.com,Heren,1,88.47,0,253.96,Creditcard,MW001
TX000119,2026-03-01,11:10:00,K00105,5038,V,45.0,klant119@example.com,Dames,1,61.09,0,263.05,Creditcard,MW001
TX000120,2026-02-19,11:23:00,K00124,5038,V,25.0,klant120@example.com,Accessoires,1,62.2,0,183.15,Pin,MW004
TX000121,2026-01-19,10:49:00,K00040,4001,M,46.0,klant121@example.com,Accessoires,2,192.83,0,215.53,Creditcard,MW003
TX000122,2026-02-17,15:23:00,,,,,,Accessoires,4,214.61,0,262.65,Pin,MW004
TX000123,2026-01-12,18:52:00,,,,,,Heren,4,204.65,0,238.18,Pin,MW001
TX000124,2026-01-16,16:41:00,K00394,4001,M,47.0,klant124@example.com,Accessoires,3,50.28,0,189.05,Pin,MW001
TX000125,2025-12-14,10:40:00,,,,,,Dames,4,114.95,0,208.5,Creditcard,MW001
TX000126,2026-01-06,12:29:00,,,,,,Accessoires,2,158.06,0,260.03,Creditcard,MW004
TX000127,2026-02-19,13:19:00,K00352,4001,M,21.0,klant127@example.com,Accessoires,4,227.04,0,66.84,Creditcard,MW002
TX000128,2026-02-05,17:58:00,,,,,,Heren,2,297.54,0,219.01,Creditcard,MW004
TX000129,2026-01-23,10:05:00,K00367,4001,V,28.0,klant129@example.com,Heren,3,161.48,0,118.41,Pin,MW004
TX000130,2026-02-21,18:38:00,,,,,,Accessoires,3,256.48,0,124.59,Creditcard,MW002
TX000131,2026-01-18,12:16:00,K00382,5042,V,45.0,klant131@example.com,Dames,1,277.38,0,264.34,Creditcard,MW002
TX000132,2025-12-21,12:58:00,,,,,,Dames,2,273.52,0,107.49,Pin,MW003
TX000133,2026-02-04,11:14:00,K00492,5042,V,25.0,klant133@example.com,Heren,1,267.16,0,244.15,Pin,MW003
TX000134,2026-01-17,14:23:00,K00316,4001,M,37.0,klant134@example.com,Heren,3,170.38,0,79.33,Pin,MW002
TX000135,2026-02-24,15:47:00,,,,,,Dames,4,66.05,0,195.49,Pin,MW002
TX000136,2026-02-28,10:07:00,,,,,,Dames,2,220.11,0,148.89,Pin,MW003
TX000137,2026-01-09,18:32:00,,,,,,Heren,1,59.9,0,170.13,Creditcard,MW001
TX000138,2025-12-19,15:21:00,,,,,,Dames,2,243.95,0,285.31,Pin,MW002
TX000139,2026-01-04,13:25:00,K00406,4001,V,55.0,klant139@example.com,Accessoires,2,222.37,0,250.15,Creditcard,MW002
TX000140,2026-01-15,12:58:00,,,,,,Heren,1,284.05,0,62.99,Creditcard,MW001
TX000141,2026-02-16,13:46:00,K00251,5042,V,28.0,klant141@example.com,Heren,2,245.96,0,170.23,Pin,MW001
TX000142,2026-01-31,15:11:00,K00087,4001,M,42.0,klant142@example.com,Dames,3,104.8,0,293.97,Creditcard,MW001
TX000143,2025-12-10,12:43:00,K00082,5038,V,36.0,klant143@example.com,Heren,1,299.08,0,293.7,Pin,MW004
TX000144,2026-02-14,15:14:00,,,,,,Dames,3,165.66,0,267.07,Pin,MW002
TX000145,2026-02-01,13:23:00,K00050,5042,M,49.0,klant145@example.com,Dames,4,57.35,0,148.88,Creditcard,MW002
TX000146,2026-02-19,12:50:00,K00186,5038,M,29.0,klant146@example.com,Accessoires,1,166.45,0,259.0,Pin,MW003
TX000147,2025-12-28,16:41:00,K00428,5025,V,19.0,klant147@example.com,Accessoires,1,263.6,0,173.07,Creditcard,MW002
TX000148,2026-01-31,17:38:00,,,,,,Dames,4,198.24,0,90.88,Pin,MW001
TX000149,2025-12-30,14:04:00,,,,,,Accessoires,1,243.37,0,82.72,Pin,MW003
TX000150,2026-01-18,12:53:00,,,,,,Heren,4,179.94,0,134.25,Creditcard,MW001
TX000151,2025-12-03,17:42:00,,,,,,Dames,1,91.76,0,91.9,Pin,MW003
TX000152,2026-01-08,14:48:00,,,,,,Dames,4,251.42,0,196.34,Pin,MW002
TX000153,2026-02-01,11:08:00,,,,,,Accessoires,1,284.15,0,59.84,Pin,MW003
TX000154,2026-02-10,14:32:00,,,,,,Dames,3,60.39,0,87.09,Pin,MW002
TX000155,2026-02-28,18:49:00,K00285,4001,M,48.0,klant155@example.com,Accessoires,3,172.21,0,216.72,Creditcard,MW003
TX000156,2026-01-16,11:41:00,,,,,,Accessoires,4,292.48,0,73.48,Creditcard,MW001
TX000157,2025-12-07,10:54:00,K00119,4001,M,27.0,klant157@example.com,Heren,2,111.04,0,257.72,Pin,MW004
TX000158,2026-02-16,18:45:00,,,,,,Dames,1,103.92,0,214.72,Pin,MW004
TX000159,2026-02-09,11:49:00,K00192,4001,V,26.0,klant159@example.com,Dames,1,298.33,0,238.11,Pin,MW001
TX000160,2026-01-02,15:45:00,K00132,5014,M,23.0,klant160@example.com,Heren,2,269.47,0,129.3,Pin,MW003
TX000161,2025-12-03,15:06:00,,,,,,Dames,1,131.15,0,141.62,Pin,MW003
TX000162,2025-12-23,18:32:00,,,,,,Dames,4,143.31,0,106.82,Creditcard,MW003
TX000163,2026-02-12,18:02:00,K00085,5042,M,19.0,klant163@example.com,Heren,4,56.41,0,135.31,Creditcard,MW001
TX000164,2026-01-19,16:05:00,K00302,5038,M,60.0,klant164@example.com,Dames,1,98.94,0,51.89,Pin,MW001
TX000165,2025-12-17,12:14:00,,,,,,Dames,1,137.91,0,75.36,Pin,MW004
TX000166,2026-01-23,12:07:00,K00144,5025,V,47.0,klant166@example.com,Heren,2,118.16,0,153.39,Pin,MW002
TX000167,2026-02-15,16:12:00,,,,,,Accessoires,3,123.82,0,248.35,Pin,MW002
TX000168,2026-01-27,16:53:00,K00385,5038,V,62.0,klant168@example.com,Heren,3,287.85,0,200.4,Creditcard,MW001
TX000169,2026-02-26,17:57:00,K00121,5014,M,25.0,klant169@example.com,Dames,2,113.91,0,125.52,Creditcard,MW003
TX000170,2026-01-31,12:35:00,K00458,5014,V,22.0,klant170@example.com,Accessoires,1,234.22,0,265.7,Pin,MW001
TX000171,2026-02-21,14:14:00,,,,,,Accessoires,4,101.55,0,209.49,Pin,MW002
TX000172,2026-02-17,11:34:00,K00263,5038,M,20.0,klant172@example.com,Heren,2,161.45,0,231.13,Pin,MW003
TX000173,2025-12-26,12:03:00,,,,,,Heren,2,194.6,0,118.54,Creditcard,MW004
TX000174,2026-01-07,17:32:00,,,,,,Accessoires,2,138.75,0,67.36,Pin,MW004
TX000175,2025-12-04,14:07:00,K00230,4001,V,20.0,klant175@example.com,Heren,4,131.08,0,133.25,Creditcard,MW002
TX000176,2026-02-27,15:16:00,,,,,,Accessoires,2,161.59,0,133.39,Creditcard,MW004
TX000177,2026-01-29,18:54:00,K00208,4001,V,47.0,klant177@example.com,Dames,3,239.04,0,136.89,Creditcard,MW004
TX000178,2026-02-24,16:27:00,K00115,4001,V,22.0,klant178@example.com,Dames,1,217.89,0,73.23,Creditcard,MW002
TX000179,2026-02-12,15:51:00,K00226,4001,V,53.0,klant179@example.com,Dames,3,115.78,0,140.03,Pin,MW002
TX000180,2026-02-13,16:25:00,K00196,5014,M,23.0,klant180@example.com,Accessoires,2,174.24,0,298.04,Pin,MW004
TX000181,2025-12-14,11:44:00,K00291,4001,M,59.0,klant181@example.com,Heren,2,251.48,0,247.51,Creditcard,MW002
TX000182,2026-02-13,12:01:00,,,,,,Accessoires,2,105.9,0,289.33,Creditcard,MW004
TX000183,2025-12-12,15:32:00,K00164,4001,V,18.0,klant183@example.com,Heren,4,241.2,0,93.71,Pin,MW003
TX000184,2026-01-12,11:07:00,K00405,5042,V,42.0,klant184@example.com,Accessoires,4,69.99,0,244.18,Creditcard,MW004
TX000185,2025-12-15,15:31:00,K00349,5014,V,19.0,klant185@example.com,Accessoires,3,146.62,0,191.11,Creditcard,MW002
TX000186,2026-03-01,11:30:00,,,,,,Accessoires,1,157.58,0,92.67,Pin,MW001
TX000187,2025-12-30,12:06:00,,,,,,Dames,4,208.3,0,107.22,Pin,MW003
TX000188,2026-01-23,13:37:00,,,,,,Accessoires,2,82.68,0,271.65,Creditcard,MW004
TX000189,2025-12-09,16:36:00,K00086,5038,M,19.0,klant189@example.com,Heren,3,154.65,0,247.58,Pin,MW002
TX000190,2026-02-27,16:04:00,,,,,,Dames,1,53.03,0,110.3,Pin,MW001
TX000191,2026-02-22,13:16:00,,,,,,Accessoires,1,186.99,0,163.59,Creditcard,MW004
TX000192,2026-01-26,13:33:00,,,,,,Heren,4,252.67,0,203.52,Pin,MW002
TX000193,2026-01-13,18:16:00,K00120,5014,V,18.0,klant193@example.com,Heren,4,69.1,0,119.84,Creditcard,MW002
TX000194,2026-01-31,16:33:00,K00264,5014,M,25.0,klant194@example.com,Dames,3,272.35,0,162.65,Pin,MW003
TX000195,2026-02-09,14:07:00,K00333,5038,V,40.0,klant195@example.com,Accessoires,1,68.02,0,67.81,Creditcard,MW001
TX000196,2025-12-07,13:10:00,K00436,4001,M,24.0,klant196@example.com,Accessoires,4,138.71,0,153.03,Pin,MW002
TX000197,2025-12-10,15:46:00,,,,,,Dames,3,245.62,0,106.96,Pin,MW002
TX000198,2026-02-19,10:35:00,,,,,,Heren,4,243.66,0,210.98,Creditcard,MW003
TX000199,2026-02-02,13:11:00,K00347,4001,M,30.0,klant199@example.com,Dames,4,237.02,0,252.94,Creditcard,MW002
TX000200,2025-12-13,10:39:00,,,,,,Heren,3,73.75,0,144.0,Creditcard,MW004
TX000201,2026-03-01,13:29:00,,,,,,Dames,4,99.37,0,271.73,Creditcard,MW001
TX000202,2026-01-03,16:48:00,,,,,,Dames,3,113.06,0,238.76,Pin,MW002
TX000203,2025-12-10,16:43:00,K00224,5038,V,39.0,klant203@example.com,Heren,3,117.33,0,184.89,Pin,MW002
TX000204,2025-12-04,13:26:00,,,,,,Heren,3,172.1,0,87.67,Creditcard,MW001
TX000205,2025-12-24,17:02:00,K00191,5038,V,40.0,klant205@example.com,Dames,2,268.33,0,209.07,Creditcard,MW001
TX000206,2025-12-10,10:43:00,K00261,4001,M,21.0,klant206@example.com,Accessoires,4,269.95,0,214.39,Pin,MW002
TX000207,2025-12-23,11:40:00,K00112,5042,M,53.0,klant207@example.com,Heren,2,240.25,0,58.83,Pin,MW002
TX000208,2025-12-16,13:10:00,K00400,5014,V,23.0,klant208@example.com,Accessoires,1,81.18,0,146.34,Creditcard,MW004
TX000209,2025-12-12,14:37:00,K00469,5038,V,56.0,klant209@example.com,Dames,2,204.9,0,138.87,Pin,MW001
TX000210,2025-12-22,16:03:00,,,,,,Dames,2,230.85,0,76.03,Creditcard,MW003
TX000211,2025-12-06,17:33:00,,,,,,Heren,2,200.54,0,55.73,Pin,MW001
TX000212,2026-02-03,15:23:00,,,,,,Dames,4,246.22,0,226.92,Pin,MW004
TX000213,2026-02-04,16:48:00,K00183,4001,V,45.0,klant213@example.com,Accessoires,3,299.59,0,283.28,Pin,MW001
TX000214,2025-12-19,15:46:00,K00078,5038,M,56.0,klant214@example.com,Dames,2,196.94,0,96.12,Pin,MW002
TX000215,2026-01-21,10:29:00,,,,,,Heren,2,118.27,0,179.52,Pin,MW003
TX000216,2025-12-21,12:04:00,,,,,,Dames,4,96.53,0,250.66,Creditcard,MW004
TX000217,2025-12-07,16:38:00,K00498,5042,M,41.0,klant217@example.com,Dames,4,241.38,0,89.73,Creditcard,MW004
TX000218,2026-01-31,13:23:00,,,,,,Dames,4,53.35,0,120.69,Creditcard,MW002
TX000219,2026-02-26,12:54:00,,,,,,Heren,4,293.71,0,142.8,Pin,MW002
TX000220,2026-03-01,13:55:00,K00107,4001,V,60.0,klant220@example.com,Dames,1,183.11,0,152.77,Pin,MW002
TX000221,2025-12-17,17:10:00,,,,,,Accessoires,4,284.21,0,63.06,Creditcard,MW004
TX000222,2025-12-16,11:04:00,K00131,5025,M,54.0,klant222@example.com,Dames,3,127.17,0,286.76,Creditcard,MW001
TX000223,2026-02-01,11:52:00,,,,,,Accessoires,2,72.21,0,220.94,Pin,MW001
TX000224,2025-12-26,11:27:00,,,,,,Heren,3,66.92,0,226.96,Pin,MW002
TX000225,2026-02-10,11:00:00,,,,,,Heren,1,85.24,0,216.05,Pin,MW002
TX000226,2026-02-14,16:21:00,K00076,5038,V,57.0,klant226@example.com,Heren,4,138.99,0,294.52,Pin,MW003
TX000227,2026-01-20,16:20:00,,,,,,Heren,3,239.61,0,238.53,Pin,MW004
TX000228,2026-02-25,18:39:00,K00058,4001,M,19.0,klant228@example.com,Dames,4,165.98,0,277.31,Pin,MW002
TX000229,2025-12-08,16:24:00,,,,,,Accessoires,2,73.35,0,160.27,Pin,MW004
TX000230,2025-12-14,18:35:00,K00485,4001,V,26.0,klant230@example.com,Accessoires,3,278.77,0,183.26,Creditcard,MW004
TX000231,2026-02-24,12:44:00,K00259,4001,M,60.0,klant231@example.com,Heren,1,199.53,0,58.35,Creditcard,MW001
TX000232,2026-01-03,13:29:00,K00454,4001,M,36.0,klant232@example.com,Dames,4,234.93,0,129.92,Pin,MW003
TX000233,2025-12-23,15:57:00,K00223,4001,M,44.0,klant233@example.com,Dames,1,73.26,0,57.34,Creditcard,MW002
TX000234,2025-12-28,14:34:00,,,,,,Dames,4,264.54,0,254.77,Creditcard,MW002
TX000235,2026-02-23,11:46:00,K00364,5025,V,38.0,klant235@example.com,Heren,2,257.06,0,133.8,Creditcard,MW004
TX000236,2025-12-23,10:20:00,,,,,,Accessoires,4,276.34,0,234.92,Creditcard,MW002
TX000237,2026-02-15,15:16:00,K00325,5042,M,47.0,klant237@example.com,Accessoires,3,208.54,0,81.57,Creditcard,MW002
TX000238,2026-02-06,17:27:00,,,,,,Accessoires,3,91.78,0,213.82,Pin,MW004
TX000239,2026-02-27,12:03:00,,,,,,Heren,1,103.88,0,140.09,Pin,MW003
TX000240,2026-01-28,13:13:00,,,,,,Dames,3,251.85,0,64.77,Pin,MW002
TX000241,2025-12-08,11:55:00,K00046,5038,V,53.0,klant241@example.com,Dames,4,82.21,0,153.19,Pin,MW002
TX000242,2026-02-24,17:23:00,,,,,,Heren,2,291.56,0,81.86,Pin,MW003
TX000243,2026-01-22,13:44:00,K00327,5042,V,26.0,klant243@example.com,Accessoires,4,257.35,0,120.38,Pin,MW004
TX000244,2025-12-16,14:35:00,,,,,,Dames,2,61.53,0,191.79,Creditcard,MW001
TX000245,2025-12-16,18:03:00,K00068,4001,M,19.0,klant245@example.com,Dames,1,198.31,0,273.08,Pin,MW003
TX000246,2026-01-26,12:10:00,K00064,5014,M,38.0,klant246@example.com,Accessoires,1,65.91,0,257.84,Pin,MW004
TX000247,2026-01-04,18:03:00,K00035,5038,M,41.0,klant247@example.com,Dames,4,179.36,0,157.61,Creditcard,MW002
TX000248,2026-02-16,12:25:00,K00308,4001,V,57.0,klant248@example.com,Dames,3,161.31,0,247.2,Pin,MW004
TX000249,2026-01-26,15:11:00,K00429,4001,M,61.0,klant249@example.com,Heren,4,200.16,0,235.9,Pin,MW004
TX000250,2026-02-27,15:24:00,,,,,,Heren,1,59.94,0,201.02,Pin,MW004
TX000251,2026-02-23,10:56:00,,,,,,Dames,1,170.51,0,99.02,Pin,MW004
TX000252,2026-02-24,15:48:00,,,,,,Heren,1,104.77,0,59.18,Creditcard,MW001
TX000253,2026-03-02,15:40:00,K00265,5038,M,58.0,klant253@example.com,Dames,4,182.9,0,269.97,Pin,MW001
TX000254,2026-01-10,12:10:00,K00333,5042,M,62.0,klant254@example.com,Dames,4,155.46,0,152.76,Creditcard,MW001
TX000255,2025-12-14,16:27:00,K00250,4001,M,42.0,klant255@example.com,Accessoires,2,62.78,0,114.4,Pin,MW001
TX000256,2026-01-18,13:29:00,K00161,4001,V,35.0,klant256@example.com,Dames,3,199.08,0,187.4,Pin,MW001
TX000257,2026-02-16,18:38:00,,,,,,Heren,3,211.52,0,211.61,Pin,MW003
TX000258,2026-02-17,11:50:00,,,,,,Heren,1,203.14,0,268.42,Creditcard,MW002
TX000259,2025-12-29,12:15:00,K00350,5038,V,34.0,klant259@example.com,Dames,2,183.12,0,162.21,Pin,MW001
TX000260,2026-02-19,14:48:00,,,,,,Accessoires,3,166.65,0,254.18,Creditcard,MW004
TX000261,2025-12-23,12:44:00,K00375,5038,V,55.0,klant261@example.com,Heren,2,161.6,0,249.6,Pin,MW003
TX000262,2025-12-30,16:39:00,K00075,5014,V,53.0,klant262@example.com,Dames,4,143.64,0,91.72,Pin,MW003
TX000263,2026-02-08,10:00:00,,,,,,Accessoires,4,134.94,0,179.31,Creditcard,MW004
TX000264,2026-01-06,10:48:00,,,,,,Heren,4,201.44,0,141.15,Creditcard,MW004
TX000265,2026-02-16,10:44:00,K00434,4001,V,41.0,klant265@example.com,Accessoires,3,291.0,0,146.05,Pin,MW002
TX000266,2026-02-04,12:49:00,,,,,,Heren,3,86.77,0,171.96,Creditcard,MW001
TX000267,2026-01-08,16:05:00,K00196,4001,M,26.0,klant267@example.com,Dames,1,122.1,0,290.28,Creditcard,MW001
TX000268,2025-12-24,10:12:00,K00162,4001,V,40.0,klant268@example.com,Accessoires,3,125.58,0,114.83,Pin,MW002
TX000269,2026-02-25,14:43:00,,,,,,Accessoires,3,186.21,0,91.31,Pin,MW004
TX000270,2025-12-15,12:16:00,K00099,5038,M,57.0,klant270@example.com,Heren,1,248.13,0,165.36,Pin,MW001
TX000271,2025-12-10,10:36:00,,,,,,Heren,3,83.09,0,198.25,Creditcard,MW003
TX000272,2026-01-25,14:53:00,K00395,5014,V,22.0,klant272@example.com,Dames,4,118.94,0,269.27,Creditcard,MW002
TX000273,2025-12-19,13:31:00,K00070,5038,V,53.0,klant273@example.com,Heren,3,100.81,0,240.45,Pin,MW003
TX000274,2026-02-15,10:50:00,K00437,4001,M,35.0,klant274@example.com,Accessoires,3,241.13,0,193.38,Pin,MW003
TX000275,2026-01-19,10:16:00,K00369,4001,V,25.0,klant275@example.com,Accessoires,3,270.87,0,162.08,Pin,MW003
TX000276,2026-02-01,15:28:00,K00214,4001,M,27.0,klant276@example.com,Heren,4,124.85,0,139.68,Creditcard,MW001
TX000277,2025-12-26,12:18:00,K00370,5038,M,57.0,klant277@example.com,Accessoires,2,53.58,0,234.47,Pin,MW001
TX000278,2025-12-03,17:07:00,,,,,,Dames,4,214.64,0,241.53,Creditcard,MW003
TX000279,2026-02-06,16:08:00,,,,,,Heren,2,120.08,0,221.85,Pin,MW002
TX000280,2026-02-15,12:13:00,,,,,,Dames,1,224.44,0,51.52,Pin,MW003
TX000281,2025-12-18,11:41:00,K00380,4001,M,19.0,klant281@example.com,Heren,2,150.72,0,123.82,Creditcard,MW002
TX000282,2026-01-10,16:13:00,,,,,,Heren,3,276.53,0,130.37,Pin,MW003
TX000283,2026-02-05,14:18:00,K00053,4001,V,42.0,klant283@example.com,Heren,3,272.16,0,175.77,Creditcard,MW002
TX000284,2025-12-12,13:31:00,K00370,5038,V,45.0,klant284@example.com,Heren,4,125.8,0,122.49,Creditcard,MW003
TX000285,2025-12-06,16:07:00,,,,,,Heren,4,174.17,0,121.07,Creditcard,MW004
TX000286,2026-02-15,10:14:00,,,,,,Dames,3,97.26,0,245.75,Creditcard,MW004
TX000287,2026-02-26,11:07:00,K00425,4001,V,61.0,klant287@example.com,Dames,4,129.07,0,75.47,Pin,MW003
TX000288,2025-12-21,13:35:00,K00338,5014,M,30.0,klant288@example.com,Accessoires,1,144.33,0,284.08,Pin,MW001
TX000289,2025-12-19,10:26:00,K00217,5038,M,27.0,klant289@example.com,Accessoires,3,113.56,0,268.88,Pin,MW001
TX000290,2025-12-26,18:29:00,K00201,5025,V,36.0,klant290@example.com,Accessoires,4,299.87,0,76.2,Creditcard,MW004
TX000291,2025-12-30,11:13:00,K00227,5038,V,24.0,klant291@example.com,Dames,1,154.13,0,255.54,Pin,MW002
TX000292,2025-12-18,15:10:00,,,,,,Heren,4,211.93,0,249.06,Pin,MW001
TX000293,2026-01-05,17:06:00,,,,,,Heren,3,128.91,0,211.21,Pin,MW004
TX000294,2026-01-25,13:20:00,,,,,,Accessoires,3,216.72,0,255.83,Creditcard,MW002
TX000295,2026-01-24,14:09:00,,,,,,Heren,1,144.77,0,134.34,Creditcard,MW001
TX000296,2025-12-16,18:02:00,,,,,,Accessoires,2,182.73,0,198.78,Creditcard,MW001
TX000297,2026-01-14,15:00:00,K00340,4001,V,33.0,klant297@example.com,Accessoires,1,180.32,0,294.0,Pin,MW002
TX000298,2026-01-24,18:33:00,,,,,,Dames,2,158.88,0,133.02,Pin,MW001
TX000299,2026-01-26,14:35:00,K00461,4001,M,64.0,klant299@example.com,Accessoires,1,186.74,0,257.44,Pin,MW001
TX000300,2026-02-12,13:39:00,,,,,,Accessoires,1,107.06,0,111.65,Creditcard,MW001
TX000301,2026-02-19,13:25:00,,,,,,Dames,3,246.3,0,297.83,Creditcard,MW003
TX000302,2025-12-17,10:58:00,K00090,5014,V,59.0,klant302@example.com,Dames,2,261.8,0,128.79,Pin,MW003
TX000303,2026-02-17,10:48:00,K00175,5042,M,41.0,klant303@example.com,Heren,4,184.7,0,65.16,Creditcard,MW002
TX000304,2025-12-28,14:19:00,,,,,,Dames,3,61.14,0,153.91,Creditcard,MW003
TX000305,2025-12-17,14:45:00,,,,,,Dames,2,118.68,0,251.74,Creditcard,MW002
TX000306,2026-02-14,12:29:00,,,,,,Heren,1,170.33,0,274.42,Creditcard,MW001
TX000307,2026-02-21,15:40:00,K00272,5014,V,43.0,klant307@example.com,Heren,1,104.78,0,164.74,Creditcard,MW003
TX000308,2026-02-27,15:17:00,,,,,,Heren,2,97.53,0,248.15,Pin,MW001
TX000309,2025-12-19,11:33:00,K00247,5038,V,59.0,klant309@example.com,Heren,4,127.5,0,108.01,Pin,MW003
TX000310,2026-02-21,17:49:00,,,,,,Heren,1,174.72,0,53.03,Creditcard,MW004
TX000311,2025-12-30,14:23:00,,,,,,Heren,4,94.47,0,178.67,Creditcard,MW003
TX000312,2025-12-24,18:28:00,,,,,,Accessoires,4,215.61,0,79.63,Pin,MW002
TX000313,2025-12-29,18:28:00,K00327,5038,V,37.0,klant313@example.com,Dames,2,279.61,0,287.73,Pin,MW002
TX000314,2026-02-18,13:52:00,K00091,5025,V,18.0,klant314@example.com,Heren,1,97.9,0,279.56,Creditcard,MW003
TX000315,2025-12-12,14:57:00,K00193,5014,V,51.0,klant315@example.com,Dames,1,287.61,0,195.41,Pin,MW004
TX000316,2026-01-22,12:18:00,,,,,,Dames,4,157.53,0,275.94,Creditcard,MW004
TX000317,2025-12-07,13:22:00,,,,,,Heren,4,174.38,0,101.17,Pin,MW004
TX000318,2026-01-12,16:45:00,,,,,,Heren,1,141.09,0,123.81,Pin,MW001
TX000319,2025-12-03,17:26:00,,,,,,Accessoires,1,231.69,0,243.48,Creditcard,MW002
TX000320,2025-12-06,18:48:00,,,,,,Accessoires,1,120.62,0,156.31,Pin,MW003
TX000321,2026-01-24,18:53:00,K00326,4001,V,27.0,klant321@example.com,Accessoires,3,126.05,0,125.99,Pin,MW004
TX000322,2026-01-22,13:27:00,,,,,,Heren,3,215.76,0,235.47,Pin,MW001
TX000323,2026-02-27,14:24:00,K00112,5014,M,31.0,klant323@example.com,Dames,2,134.24,0,299.89,Creditcard,MW003
TX000324,2025-12-18,14:07:00,K00241,4001,V,48.0,klant324@example.com,Heren,2,55.17,0,117.25,Creditcard,MW001
TX000325,2026-02-21,18:16:00,K00324,4001,M,64.0,klant325@example.com,Dames,3,239.75,0,75.63,Pin,MW003
TX000326,2026-03-01,10:40:00,,,,,,Accessoires,4,89.76,0,95.05,Pin,MW003
TX000327,2026-02-10,16:56:00,K00081,5042,V,58.0,klant327@example.com,Dames,1,136.34,0,133.9,Creditcard,MW001
TX000328,2025-12-05,10:11:00,,,,,,Accessoires,1,286.77,0,174.06,Pin,MW002
TX000329,2025-12-17,13:17:00,K00369,4001,V,52.0,klant329@example.com,Heren,2,203.98,0,260.82,Pin,MW004
TX000330,2026-02-28,18:32:00,K00433,5014,V,18.0,klant330@example.com,Dames,3,170.57,0,79.62,Creditcard,MW004
TX000331,2026-02-02,18:19:00,K00095,4001,V,40.0,klant331@example.com,Heren,4,254.1,0,175.38,Creditcard,MW003
TX000332,2026-02-18,16:18:00,K00179,5038,V,33.0,klant332@example.com,Dames,1,54.95,0,147.67,Pin,MW003
TX000333,2025-12-14,18:27:00,K00334,4001,V,50.0,klant333@example.com,Heren,2,158.19,0,221.36,Pin,MW003
TX000334,2026-02-06,16:03:00,,,,,,Dames,1,246.22,0,233.37,Pin,MW002
TX000335,2026-02-27,15:28:00,,,,,,Dames,4,119.08,0,158.0,Pin,MW004
TX000336,2026-03-02,11:05:00,K00058,5025,V,58.0,klant336@example.com,Dames,2,226.14,0,155.68,Pin,MW001
TX000337,2026-02-16,12:09:00,,,,,,Heren,1,235.04,0,207.68,Creditcard,MW002
TX000338,2026-01-09,16:26:00,K00157,5042,M,37.0,klant338@example.com,Accessoires,1,73.02,0,199.76,Creditcard,MW003
TX000339,2026-02-06,11:21:00,,,,,,Accessoires,2,112.72,0,219.01,Pin,MW004
TX000340,2026-01-19,11:28:00,K00452,5038,M,43.0,klant340@example.com,Dames,2,203.06,0,103.27,Pin,MW004
TX000341,2025-12-23,15:35:00,,,,,,Heren,2,220.03,0,152.04,Pin,MW001
TX000342,2026-02-08,12:00:00,K00138,5038,V,62.0,klant342@example.com,Heren,2,234.85,0,103.67,Creditcard,MW001
TX000343,2026-02-14,15:49:00,,,,,,Accessoires,4,237.1,0,278.64,Creditcard,MW003
TX000344,2025-12-17,12:55:00,K00348,5038,V,58.0,klant344@example.com,Heren,2,228.51,0,72.85,Pin,MW001
TX000345,2025-12-25,13:46:00,,,,,,Accessoires,1,103.6,0,117.7,Creditcard,MW002
TX000346,2026-01-11,11:02:00,,,,,,Heren,2,199.27,0,198.7,Creditcard,MW004
TX000347,2025-12-12,13:58:00,K00319,4001,V,63.0,klant347@example.com,Accessoires,2,178.4,0,113.34,Pin,MW002
TX000348,2025-12-10,10:08:00,,,,,,Dames,2,249.93,0,133.4,Creditcard,MW004
TX000349,2026-01-25,14:01:00,K00445,4001,M,55.0,klant349@example.com,Heren,4,160.64,0,212.33,Pin,MW003
TX000350,2025-12-20,18:12:00,K00260,4001,V,24.0,klant350@example.com,Dames,3,172.77,0,281.78,Pin,MW001
TX000351,2026-01-26,18:00:00,K00102,4001,V,46.0,klant351@example.com,Dames,1,96.41,0,216.05,Pin,MW003
TX000352,2026-01-18,14:00:00,K00196,4001,M,44.0,klant352@example.com,Heren,3,113.72,0,235.63,Creditcard,MW004
TX000353,2026-02-28,16:31:00,K00389,4001,V,59.0,klant353@example.com,Dames,2,117.87,0,107.95,Pin,MW001
TX000354,2026-02-01,12:44:00,,,,,,Accessoires,3,98.47,0,264.7,Creditcard,MW003
TX000355,2026-02-21,12:29:00,,,,,,Dames,3,202.64,0,90.09,Pin,MW003
TX000356,2025-12-15,16:44:00,K00401,4001,M,38.0,klant356@example.com,Heren,1,233.1,0,178.73,Creditcard,MW002
TX000357,2026-01-04,12:13:00,,,,,,Heren,2,208.66,0,195.54,Creditcard,MW001
TX000358,2025-12-30,16:54:00,,,,,,Accessoires,2,116.9,0,133.92,Creditcard,MW004
TX000359,2025-12-26,10:32:00,K00019,5038,M,57.0,klant359@example.com,Accessoires,2,92.92,0,175.03,Pin,MW001
TX000360,2025-12-03,10:52:00,K00320,5038,M,56.0,klant360@example.com,Heren,1,101.56,0,147.96,Pin,MW003
TX000361,2025-12-09,10:48:00,K00062,5025,M,42.0,klant361@example.com,Accessoires,1,152.03,0,271.4,Pin,MW004
TX000362,2025-12-28,18:53:00,,,,,,Dames,4,238.16,0,166.26,Creditcard,MW004
TX000363,2026-01-12,18:06:00,K00206,4001,V,36.0,klant363@example.com,Heren,1,270.64,0,166.58,Pin,MW002
TX000364,2026-01-01,11:31:00,K00136,4001,M,29.0,klant364@example.com,Accessoires,1,235.77,0,261.98,Creditcard,MW001
TX000365,2026-01-20,11:12:00,,,,,,Dames,2,158.37,0,299.3,Pin,MW002
TX000366,2026-02-07,15:13:00,,,,,,Accessoires,3,142.39,0,166.06,Creditcard,MW003
TX000367,2026-01-01,10:08:00,,,,,,Accessoires,4,73.84,0,75.92,Creditcard,MW001
TX000368,2026-01-07,14:47:00,K00429,5038,V,49.0,klant368@example.com,Heren,4,85.08,0,217.79,Creditcard,MW004
TX000369,2025-12-31,18:27:00,,,,,,Heren,1,89.67,0,114.56,Pin,MW003
TX000370,2025-12-23,14:52:00,K00470,5014,M,29.0,klant370@example.com,Heren,1,229.1,0,117.74,Creditcard,MW004
TX000371,2026-01-30,11:29:00,,,,,,Heren,4,231.09,0,236.44,Creditcard,MW001
TX000372,2026-03-02,16:17:00,K00318,4001,M,55.0,klant372@example.com,Dames,3,209.19,0,237.06,Pin,MW001
TX000373,2026-01-16,13:06:00,K00278,5038,V,32.0,klant373@example.com,Accessoires,4,165.38,0,295.83,Creditcard,MW004
TX000374,2026-02-24,17:00:00,,,,,,Dames,3,116.0,0,153.81,Creditcard,MW003
TX000375,2026-02-19,11:47:00,K00390,4001,V,63.0,klant375@example.com,Accessoires,4,131.32,0,275.24,Creditcard,MW001
TX000376,2025-12-20,15:37:00,K00176,4001,M,29.0,klant376@example.com,Accessoires,1,237.05,0,251.67,Creditcard,MW003
TX000377,2026-01-06,10:34:00,K00459,4001,V,28.0,klant377@example.com,Heren,3,70.06,0,128.05,Creditcard,MW002
TX000378,2026-01-02,13:31:00,K00183,5042,M,60.0,klant378@example.com,Heren,3,284.6,0,153.7,Pin,MW002
TX000379,2026-02-23,12:42:00,K00450,5025,M,60.0,klant379@example.com,Dames,4,192.37,0,267.1,Pin,MW002
TX000380,2026-01-26,14:50:00,K00149,5042,M,21.0,klant380@example.com,Heren,1,165.29,0,284.98,Creditcard,MW003
TX000381,2026-01-03,16:53:00,K00210,5042,V,28.0,klant381@example.com,Dames,4,175.09,0,222.72,Pin,MW001
TX000382,2026-01-25,12:00:00,,,,,,Accessoires,4,153.46,0,101.04,Creditcard,MW002
TX000383,2026-01-18,11:19:00,K00434,5025,M,60.0,klant383@example.com,Accessoires,4,163.72,0,221.43,Creditcard,MW003
TX000384,2025-12-30,11:36:00,K00433,5038,V,53.0,klant384@example.com,Heren,2,235.14,0,73.73,Pin,MW002
TX000385,2025-12-22,17:25:00,,,,,,Heren,1,201.71,0,270.24,Creditcard,MW002
TX000386,2026-02-02,17:47:00,K00155,5038,M,41.0,klant386@example.com,Accessoires,1,299.31,0,57.51,Creditcard,MW001
TX000387,2026-01-28,13:38:00,K00309,5014,M,34.0,klant387@example.com,Heren,2,126.51,0,187.97,Creditcard,MW002
TX000388,2026-02-11,11:58:00,,,,,,Heren,2,285.6,0,68.71,Pin,MW001
TX000389,2026-02-24,17:07:00,K00296,5014,V,40.0,klant389@example.com,Accessoires,2,207.65,0,104.93,Creditcard,MW004
TX000390,2025-12-12,10:35:00,,,,,,Dames,1,65.64,0,102.63,Creditcard,MW004
TX000391,2026-02-22,17:55:00,,,,,,Accessoires,2,171.13,0,125.6,Creditcard,MW002
TX000392,2026-02-02,15:09:00,,,,,,Heren,4,206.0,0,118.41,Creditcard,MW003
TX000393,2025-12-19,18:54:00,,,,,,Heren,1,154.65,0,164.61,Pin,MW001
TX000394,2026-01-19,10:14:00,K00106,5025,V,56.0,klant394@example.com,Dames,1,241.29,0,285.1,Creditcard,MW003
TX000395,2026-02-25,15:18:00,K00444,5042,V,52.0,klant395@example.com,Heren,4,132.06,0,163.5,Pin,MW004
TX000396,2026-02-02,10:36:00,K00390,5014,V,43.0,klant396@example.com,Heren,3,150.69,0,292.56,Creditcard,MW001
TX000397,2026-02-17,15:55:00,K00220,4001,V,20.0,klant397@example.com,Accessoires,1,151.64,0,275.8,Creditcard,MW001
TX000398,2026-01-09,18:05:00,K00206,5038,V,27.0,klant398@example.com,Accessoires,4,71.75,0,189.2,Pin,MW001
TX000399,2026-02-09,18:40:00,,,,,,Accessoires,2,180.02,0,180.49,Pin,MW002
TX000400,2025-12-06,11:48:00,,,,,,Dames,1,88.01,0,164.58,Pin,MW001
TX000401,2025-12-19,17:49:00,,,,,,Accessoires,1,286.17,0,202.49,Pin,MW002
TX000402,2026-01-30,18:15:00,K00375,4001,V,35.0,klant402@example.com,Accessoires,1,226.02,0,283.79,Creditcard,MW001
TX000403,2026-02-22,14:29:00,,,,,,Dames,4,135.1,0,177.65,Creditcard,MW003
TX000404,2026-02-13,14:22:00,K00384,5014,V,50.0,klant404@example.com,Dames,4,282.1,0,299.1,Creditcard,MW003
TX000405,2026-02-15,18:31:00,,,,,,Accessoires,4,231.15,0,77.9,Pin,MW004
TX000406,2026-02-12,17:41:00,K00190,5042,V,56.0,klant406@example.com,Accessoires,3,243.19,0,109.23,Pin,MW001
TX000407,2026-02-25,15:49:00,K00102,5025,V,25.0,klant407@example.com,Dames,1,108.61,0,136.27,Pin,MW001
TX000408,2026-02-06,10:05:00,K00147,5025,V,45.0,klant408@example.com,Heren,2,286.79,0,271.21,Creditcard,MW002
TX000409,2026-03-02,13:57:00,K00288,4001,V,53.0,klant409@example.com,Accessoires,4,297.53,0,127.97,Pin,MW002
TX000410,2026-01-27,10:41:00,,,,,,Heren,4,258.64,0,283.87,Creditcard,MW004
TX000411,2026-02-20,18:46:00,K00400,4001,M,48.0,klant411@example.com,Accessoires,2,162.19,0,278.31,Pin,MW002
TX000412,2025-12-26,13:39:00,K00010,5042,V,41.0,klant412@example.com,Dames,3,239.26,0,63.9,Pin,MW003
TX000413,2026-02-16,11:22:00,K00351,4001,V,29.0,klant413@example.com,Accessoires,4,128.47,0,222.76,Pin,MW002
TX000414,2026-03-01,14:24:00,K00340,5025,M,39.0,klant414@example.com,Dames,2,171.45,0,79.23,Pin,MW003
TX000415,2026-01-23,17:56:00,K00378,5042,V,60.0,klant415@example.com,Accessoires,3,214.67,0,282.89,Creditcard,MW003
TX000416,2026-02-26,17:49:00,K00138,5042,V,25.0,klant416@example.com,Accessoires,3,250.25,0,76.11,Pin,MW001
TX000417,2026-01-26,15:28:00,,,,,,Dames,1,273.92,0,245.88,Creditcard,MW004
TX000418,2026-01-22,16:25:00,K00205,5038,V,45.0,klant418@example.com,Heren,2,114.92,0,292.43,Pin,MW004
TX000419,2026-01-05,13:24:00,,,,,,Dames,3,104.56,0,297.36,Pin,MW001
TX000420,2026-02-03,10:21:00,K00166,5014,M,33.0,klant420@example.com,Heren,3,62.95,0,189.33,Pin,MW001
TX000421,2026-01-09,15:34:00,K00366,5038,V,25.0,klant421@example.com,Dames,3,255.91,0,146.15,Pin,MW003
TX000422,2026-01-06,14:21:00,,,,,,Heren,1,155.19,0,200.42,Pin,MW001
TX000423,2026-03-02,15:58:00,,,,,,Heren,2,133.03,0,282.03,Creditcard,MW001
TX000424,2025-12-09,16:14:00,,,,,,Accessoires,3,284.62,0,215.44,Pin,MW003
TX000425,2025-12-21,12:31:00,,,,,,Heren,4,61.7,0,129.91,Pin,MW001
TX000426,2026-02-11,10:34:00,,,,,,Dames,2,218.96,0,214.54,Creditcard,MW003
TX000427,2026-02-08,13:44:00,K00346,4001,V,62.0,klant427@example.com,Heren,3,73.93,0,129.42,Pin,MW003
TX000428,2026-01-02,17:06:00,K00364,4001,M,59.0,klant428@example.com,Dames,1,121.42,0,72.84,Creditcard,MW002
TX000429,2026-02-09,11:42:00,K00382,4001,V,22.0,klant429@example.com,Heren,2,285.79,0,109.29,Creditcard,MW004
TX000430,2025-12-25,17:57:00,K00096,5038,V,27.0,klant430@example.com,Heren,4,271.09,0,189.85,Creditcard,MW003
TX000431,2026-01-14,13:16:00,K00297,5025,V,49.0,klant431@example.com,Heren,4,251.36,0,286.69,Creditcard,MW002
TX000432,2025-12-13,18:11:00,K00087,5014,V,35.0,klant432@example.com,Dames,3,284.63,0,95.3,Pin,MW001
TX000433,2026-01-18,13:22:00,,,,,,Heren,1,90.06,0,92.73,Creditcard,MW003
TX000434,2025-12-27,16:40:00,K00025,5042,M,51.0,klant434@example.com,Heren,3,108.75,0,257.54,Creditcard,MW001
TX000435,2025-12-09,11:11:00,,,,,,Dames,2,281.73,0,103.42,Creditcard,MW001
TX000436,2025-12-20,15:56:00,K00364,5042,V,64.0,klant436@example.com,Heren,4,141.03,0,191.55,Creditcard,MW002
TX000437,2026-03-02,17:06:00,,,,,,Accessoires,3,178.3,0,98.61,Creditcard,MW004
TX000438,2025-12-15,10:55:00,K00292,5014,M,22.0,klant438@example.com,Heren,4,98.31,0,62.64,Pin,MW004
TX000439,2026-01-01,16:44:00,,,,,,Dames,1,231.88,0,171.1,Pin,MW002
TX000440,2026-01-23,14:36:00,,,,,,Accessoires,3,88.47,0,87.31,Creditcard,MW003
TX000441,2026-01-07,11:04:00,,,,,,Heren,4,196.21,0,134.38,Creditcard,MW001
TX000442,2026-01-14,15:51:00,K00436,4001,V,26.0,klant442@example.com,Accessoires,3,152.83,0,110.13,Pin,MW003
TX000443,2026-01-28,13:49:00,,,,,,Heren,1,89.08,0,234.49,Pin,MW002
TX000444,2026-01-29,11:12:00,,,,,,Heren,1,89.05,0,297.11,Pin,MW002
TX000445,2026-01-02,12:30:00,K00181,5038,M,27.0,klant445@example.com,Heren,2,132.57,0,191.06,Creditcard,MW004
TX000446,2026-01-17,17:00:00,,,,,,Accessoires,3,74.89,0,200.8,Pin,MW002
TX000447,2025-12-14,10:10:00,,,,,,Dames,3,102.58,0,241.34,Creditcard,MW002
TX000448,2025-12-26,17:49:00,K00171,4001,M,20.0,klant448@example.com,Accessoires,2,272.39,0,285.98,Pin,MW004
TX000449,2025-12-04,15:27:00,K00281,5038,V,27.0,klant449@example.com,Heren,4,130.95,0,215.29,Creditcard,MW002
TX000450,2026-01-18,15:56:00,,,,,,Heren,3,78.36,0,299.23,Creditcard,MW002
TX000451,2026-03-01,18:09:00,K00352,4001,M,37.0,klant451@example.com,Accessoires,4,244.36,0,218.21,Creditcard,MW004
TX000452,2025-12-29,11:28:00,K00015,5014,M,45.0,klant452@example.com,Dames,3,175.07,0,67.35,Creditcard,MW001
TX000453,2025-12-20,11:57:00,,,,,,Heren,4,262.9,0,297.86,Creditcard,MW002
TX000454,2026-02-20,10:44:00,K00164,5042,V,55.0,klant454@example.com,Accessoires,3,50.28,0,117.99,Pin,MW001
TX000455,2026-02-08,12:13:00,,,,,,Accessoires,3,60.62,0,221.16,Pin,MW001
TX000456,2026-02-27,10:40:00,K00310,4001,M,51.0,klant456@example.com,Dames,1,273.57,0,211.23,Creditcard,MW003
TX000457,2026-02-18,10:52:00,,,,,,Accessoires,3,139.15,0,113.62,Creditcard,MW002
TX000458,2026-02-27,13:34:00,K00133,5014,V,23.0,klant458@example.com,Accessoires,1,146.01,0,216.57,Pin,MW004
TX000459,2026-03-01,10:19:00,,,,,,Accessoires,4,94.22,0,296.83,Creditcard,MW003
TX000460,2025-12-31,12:19:00,,,,,,Heren,3,253.12,0,131.74,Pin,MW001
TX000461,2026-02-21,17:28:00,K00112,5014,V,20.0,klant461@example.com,Accessoires,1,194.62,0,223.36,Pin,MW004
TX000462,2026-02-13,12:37:00,K00475,5038,V,30.0,klant462@example.com,Dames,4,241.87,0,126.88,Pin,MW001
TX000463,2026-02-26,17:51:00,,,,,,Heren,2,77.01,0,169.62,Pin,MW001
TX000464,2025-12-30,16:50:00,K00268,5042,V,31.0,klant464@example.com,Accessoires,2,123.92,0,283.14,Creditcard,MW003
TX000465,2025-12-21,15:48:00,K00426,4001,V,52.0,klant465@example.com,Accessoires,4,232.56,0,141.21,Pin,MW003
TX000466,2026-02-01,15:45:00,K00140,5042,V,54.0,klant466@example.com,Heren,1,128.94,0,64.22,Pin,MW001
TX000467,2026-01-25,15:03:00,,,,,,Accessoires,4,239.06,0,163.55,Pin,MW004
TX000468,2026-01-25,11:27:00,K00235,5014,M,43.0,klant468@example.com,Dames,2,166.68,0,69.18,Creditcard,MW002
TX000469,2026-01-06,13:28:00,K00173,5025,V,42.0,klant469@example.com,Accessoires,2,146.82,0,214.92,Creditcard,MW002
TX000470,2026-01-09,16:21:00,K00337,5038,M,58.0,klant470@example.com,Heren,2,115.62,0,181.31,Creditcard,MW002
TX000471,2026-01-23,14:33:00,,,,,,Dames,4,102.21,0,64.64,Pin,MW003
TX000472,2026-01-21,17:18:00,K00292,5038,V,60.0,klant472@example.com,Accessoires,4,277.0,0,149.08,Creditcard,MW001
TX000473,2025-12-18,13:36:00,K00017,5014,V,63.0,klant473@example.com,Heren,4,196.66,0,257.11,Creditcard,MW002
TX000474,2026-02-15,13:17:00,K00090,5025,V,24.0,klant474@example.com,Dames,1,130.77,0,296.94,Creditcard,MW001
TX000475,2025-12-08,15:18:00,K00101,4001,V,54.0,klant475@example.com,Heren,1,273.77,0,87.29,Creditcard,MW002
TX000476,2025-12-29,15:20:00,,,,,,Accessoires,1,120.08,0,83.04,Pin,MW002
TX000477,2026-01-23,15:17:00,,,,,,Accessoires,3,275.6,0,145.8,Pin,MW002
TX000478,2026-01-04,13:58:00,K00210,4001,V,51.0,klant478@example.com,Dames,4,188.67,0,256.48,Creditcard,MW002
TX000479,2025-12-27,14:54:00,,,,,,Accessoires,4,266.57,0,91.16,Creditcard,MW004
TX000480,2026-01-22,15:31:00,K00453,5038,V,59.0,klant480@example.com,Dames,4,259.31,0,185.75,Creditcard,MW003
TX000481,2026-02-11,12:18:00,,,,,,Heren,4,111.04,0,199.5,Creditcard,MW003
TX000482,2026-01-09,17:07:00,K00122,5038,V,21.0,klant482@example.com,Accessoires,1,56.45,0,188.32,Creditcard,MW001
TX000483,2026-02-07,14:56:00,K00327,5038,V,55.0,klant483@example.com,Heren,1,275.69,0,181.22,Creditcard,MW001
TX000484,2025-12-12,17:48:00,K00473,5014,M,42.0,klant484@example.com,Dames,4,80.82,0,179.64,Pin,MW004
TX000485,2025-12-25,18:17:00,K00190,5042,V,31.0,klant485@example.com,Heren,3,51.05,0,217.61,Pin,MW004
TX000486,2025-12-29,13:27:00,K00481,5038,V,51.0,klant486@example.com,Accessoires,2,199.84,0,232.16,Creditcard,MW003
TX000487,2026-01-16,18:19:00,,,,,,Heren,2,249.38,0,219.39,Pin,MW001
TX000488,2026-01-18,11:46:00,K00249,4001,V,36.0,klant488@example.com,Accessoires,3,110.17,0,268.58,Creditcard,MW001
TX000489,2026-01-15,16:21:00,K00151,5042,V,36.0,klant489@example.com,Heren,4,232.72,0,155.0,Pin,MW001
TX000490,2025-12-21,10:36:00,K00410,4001,M,52.0,klant490@example.com,Heren,1,204.65,0,192.14,Creditcard,MW004
TX000491,2025-12-30,17:43:00,K00439,4001,M,38.0,klant491@example.com,Heren,4,81.89,0,152.27,Creditcard,MW003
TX000492,2026-02-04,11:22:00,K00463,5042,V,56.0,klant492@example.com,Accessoires,3,192.57,0,102.53,Pin,MW003
TX000493,2026-01-11,16:49:00,,,,,,Accessoires,2,132.64,0,236.18,Pin,MW003
TX000494,2025-12-23,10:22:00,K00148,5042,V,45.0,klant494@example.com,Dames,4,178.43,0,122.05,Creditcard,MW001
TX000495,2025-12-08,15:44:00,K00075,4001,V,57.0,klant495@example.com,Accessoires,3,193.46,0,65.23,Pin,MW002
TX000496,2026-02-04,12:00:00,K00484,5038,V,60.0,klant496@example.com,Heren,1,129.02,0,206.74,Pin,MW003
TX000497,2025-12-27,10:41:00,K00403,5025,V,33.0,klant497@example.com,Accessoires,2,126.6,0,188.78,Creditcard,MW001
TX000498,2026-02-10,16:30:00,K00490,4001,M,35.0,klant498@example.com,Dames,1,201.21,0,146.86,Creditcard,MW001
TX000499,2025-12-11,10:15:00,,,,,,Accessoires,3,189.35,0,226.75,Pin,MW004
